transaction_id,order_id,payment_id,amount,currency,transaction_date,customer_reference,status
"txn_51f16dc","ORD-1000","pay_4cf4962b","1609","INR","2026-07-15T00:00:00.000Z","CUST-0","CAPTURED"
"txn_e76efd2","ORD-1001","pay_c91c308","9290","INR","2026-07-22T00:00:00.000Z","CUST-1","CAPTURED"
"txn_66d4a2fc","ORD-1002","pay_46e83711","3948","INR","2026-07-08T00:00:00.000Z","CUST-2","CAPTURED"
"txn_144e719a","ORD-1003","pay_3edb8002","6493","INR","2026-07-16T00:00:00.000Z","CUST-3","CAPTURED"
"txn_2c8d326d","ORD-1004","pay_75997027","7859","INR","2026-08-01T00:00:00.000Z","CUST-4","CAPTURED"
"txn_3768ba10","ORD-1005","pay_30979808","2009","INR","2026-07-19T00:00:00.000Z","CUST-5","CAPTURED"
"txn_3e9e8a4c","ORD-1006","pay_412e421c","9744","INR","2026-07-16T00:00:00.000Z","CUST-6","CAPTURED"
"txn_38f3f0df","ORD-1007","pay_2f3f4ea2","9130","INR","2026-07-17T00:00:00.000Z","CUST-7","CAPTURED"
"txn_314b2aa5","ORD-1008","pay_78e0682","9547","INR","2026-07-27T00:00:00.000Z","CUST-8","CAPTURED"
"txn_192f22d7","ORD-1009","pay_f6c0c49","8741","INR","2026-07-22T00:00:00.000Z","CUST-9","CAPTURED"
"txn_5bd75066","ORD-1010","pay_462de338","9514","INR","2026-07-06T00:00:00.000Z","CUST-10","CAPTURED"
"txn_3f67213b","ORD-1011","pay_25dd97e2","9856","INR","2026-07-15T00:00:00.000Z","CUST-11","CAPTURED"
"txn_6b71c7c9","ORD-1012","pay_7710f20","4581","INR","2026-07-11T00:00:00.000Z","CUST-12","CAPTURED"
"txn_2b2e8bb3","ORD-1013","pay_7e0b2025","1070","INR","2026-07-04T00:00:00.000Z","CUST-13","CAPTURED"
"txn_2e37ead","ORD-1014","pay_783617d","1296","INR","2026-07-28T00:00:00.000Z","CUST-14","CAPTURED"
"txn_12ebd6c","ORD-1015","pay_4c81b4d2","9847","INR","2026-07-18T00:00:00.000Z","CUST-15","CAPTURED"
"txn_8097aaf","ORD-1016","pay_6408ecb9","5774","INR","2026-08-01T00:00:00.000Z","CUST-16","CAPTURED"
"txn_13ad7b64","ORD-1017","pay_7993b9cd","2039","INR","2026-07-12T00:00:00.000Z","CUST-17","CAPTURED"
"txn_4338ca6","ORD-1018","pay_7ac4b7a4","7003","INR","2026-07-30T00:00:00.000Z","CUST-18","CAPTURED"
"txn_18710232","ORD-1019","pay_740b2873","5514","INR","2026-07-10T00:00:00.000Z","CUST-19","CAPTURED"
"txn_6f4eafdb","ORD-1020","pay_eb256bd","6845","INR","2026-07-03T00:00:00.000Z","CUST-20","CAPTURED"
"txn_6799a700","ORD-1021","pay_4ec1d1c9","5081","INR","2026-07-14T00:00:00.000Z","CUST-21","CAPTURED"
"txn_30216cc5","ORD-1022","pay_605e9c2c","4891","INR","2026-07-30T00:00:00.000Z","CUST-22","CAPTURED"
"txn_73333b27","ORD-1023","pay_2262fb63","2909","INR","2026-07-10T00:00:00.000Z","CUST-23","CAPTURED"
"txn_297f3f35","ORD-1024","pay_662f09c1","8259","INR","2026-07-31T00:00:00.000Z","CUST-24","CAPTURED"
"txn_4efc4c7","ORD-1025","pay_52ff80b3","4944","INR","2026-07-24T00:00:00.000Z","CUST-25","CAPTURED"
"txn_64dc7144","ORD-1026","pay_7ebcfba9","7828","INR","2026-07-30T00:00:00.000Z","CUST-26","CAPTURED"
"txn_d13382c","ORD-1027","pay_5d5b932c","3901","INR","2026-07-23T00:00:00.000Z","CUST-27","CAPTURED"
"txn_12479eaf","ORD-1028","pay_1388fe04","7928","INR","2026-07-23T00:00:00.000Z","CUST-28","CAPTURED"
"txn_7b869710","ORD-1029","pay_2919ae1d","7933","INR","2026-08-01T00:00:00.000Z","CUST-29","CAPTURED"
"txn_207546e9","ORD-1030","pay_67ca173a","7036","INR","2026-08-01T00:00:00.000Z","CUST-30","CAPTURED"
"txn_2b06603","ORD-1031","pay_4a140ef5","2075","INR","2026-07-03T00:00:00.000Z","CUST-31","CAPTURED"
"txn_36c78a39","ORD-1032","pay_7401c392","6437","INR","2026-07-09T00:00:00.000Z","CUST-32","CAPTURED"
"txn_2f433a2e","ORD-1033","pay_50d3c0c1","1512","INR","2026-07-05T00:00:00.000Z","CUST-33","CAPTURED"
"txn_54da3b9f","ORD-1034","pay_3ba82c6f","7877","INR","2026-07-08T00:00:00.000Z","CUST-34","CAPTURED"
"txn_29862461","ORD-1035","pay_37667a40","7387","INR","2026-07-11T00:00:00.000Z","CUST-35","CAPTURED"
"txn_37ea8c6b","ORD-1036","pay_1bf6f308","4930","INR","2026-07-17T00:00:00.000Z","CUST-36","CAPTURED"
"txn_4645505a","ORD-1037","pay_1b68815","6397","INR","2026-07-14T00:00:00.000Z","CUST-37","CAPTURED"
"txn_2192a744","ORD-1038","pay_7505d439","7153","INR","2026-07-17T00:00:00.000Z","CUST-38","CAPTURED"
"txn_5de3c5b1","ORD-1039","pay_62ab5cb0","4117","INR","2026-07-07T00:00:00.000Z","CUST-39","CAPTURED"
"txn_2bf590ff","ORD-1040","pay_5b4df515","9077","INR","2026-07-04T00:00:00.000Z","CUST-40","CAPTURED"
"txn_577bf55d","ORD-1041","pay_52d93edb","4350","INR","2026-07-06T00:00:00.000Z","CUST-41","CAPTURED"
"txn_799c0ac4","ORD-1042","pay_65bfb10c","1556","INR","2026-08-01T00:00:00.000Z","CUST-42","CAPTURED"
"txn_30a5232b","ORD-1043","pay_5994d77a","3113","INR","2026-07-03T00:00:00.000Z","CUST-43","CAPTURED"
"txn_68115513","ORD-1044","pay_2a92fb53","5668","INR","2026-07-24T00:00:00.000Z","CUST-44","CAPTURED"
"txn_227d8dd","ORD-1045","pay_6415a3ba","5588","INR","2026-07-19T00:00:00.000Z","CUST-45","CAPTURED"
"txn_187c7bef","ORD-1046","pay_6bfb27d6","4620","INR","2026-07-18T00:00:00.000Z","CUST-46","CAPTURED"
"txn_2564cb9b","ORD-1047","pay_30e52ac1","2338","INR","2026-07-26T00:00:00.000Z","CUST-47","CAPTURED"
"txn_e0ea8b1","ORD-1048","pay_7799ea89","7394","INR","2026-07-21T00:00:00.000Z","CUST-48","CAPTURED"
"txn_75ee7483","ORD-1049","pay_44a411bf","4692","INR","2026-07-20T00:00:00.000Z","CUST-49","CAPTURED"
"txn_617a7427","ORD-1050","pay_55330041","2208","INR","2026-07-08T00:00:00.000Z","CUST-50","CAPTURED"
"txn_282ee695","ORD-1051","pay_3c58caff","4520","INR","2026-07-08T00:00:00.000Z","CUST-51","CAPTURED"
"txn_10c282bb","ORD-1052","pay_3cf2f26a","6325","INR","2026-07-31T00:00:00.000Z","CUST-52","CAPTURED"
"txn_3c865be3","ORD-1053","pay_1966a08a","1110","INR","2026-07-11T00:00:00.000Z","CUST-53","CAPTURED"
"txn_4b31c1a9","ORD-1054","pay_4879a062","6600","INR","2026-07-04T00:00:00.000Z","CUST-54","CAPTURED"
"txn_390641fe","ORD-1055","pay_6c1ee17a","4022","INR","2026-07-16T00:00:00.000Z","CUST-55","CAPTURED"
"txn_11054c1e","ORD-1056","pay_7ebe6f47","6849","INR","2026-07-18T00:00:00.000Z","CUST-56","CAPTURED"
"txn_18e0730a","ORD-1057","pay_4e8ccf35","6484","INR","2026-07-24T00:00:00.000Z","CUST-57","CAPTURED"
"txn_2befabc6","ORD-1058","pay_1c934a5c","9527","INR","2026-07-13T00:00:00.000Z","CUST-58","CAPTURED"
"txn_1b7c89ab","ORD-1059","pay_5d8cff8e","4169","INR","2026-07-04T00:00:00.000Z","CUST-59","CAPTURED"
"txn_45cb2a59","ORD-1060","pay_54f9291b","9473","INR","2026-07-17T00:00:00.000Z","CUST-60","CAPTURED"
"txn_3ba4ddca","ORD-1061","pay_6fd2e196","7974","INR","2026-07-26T00:00:00.000Z","CUST-61","CAPTURED"
"txn_29639889","ORD-1062","pay_4d17339a","7341","INR","2026-07-10T00:00:00.000Z","CUST-62","CAPTURED"
"txn_156810a8","ORD-1063","pay_709232cc","4401","INR","2026-07-20T00:00:00.000Z","CUST-63","CAPTURED"
"txn_32f32979","ORD-1064","pay_5b77acb6","4874","INR","2026-07-08T00:00:00.000Z","CUST-64","CAPTURED"
"txn_51aacfdf","ORD-1065","pay_58875b70","7866","INR","2026-07-25T00:00:00.000Z","CUST-65","CAPTURED"
"txn_4cc7ae33","ORD-1066","pay_446087e6","2586","INR","2026-07-27T00:00:00.000Z","CUST-66","CAPTURED"
"txn_40cca5b4","ORD-1067","pay_b99438","7611","INR","2026-07-31T00:00:00.000Z","CUST-67","CAPTURED"
"txn_62f88f51","ORD-1068","pay_6221ab8d","9603","INR","2026-08-01T00:00:00.000Z","CUST-68","CAPTURED"
"txn_44e064f7","ORD-1069","pay_7dc6405","1160","INR","2026-07-14T00:00:00.000Z","CUST-69","CAPTURED"
"txn_7b36a3d5","ORD-1070","pay_5e8ea3a6","6001","INR","2026-07-24T00:00:00.000Z","CUST-70","CAPTURED"
"txn_6413bbde","ORD-1071","pay_767fc038","4837","INR","2026-07-23T00:00:00.000Z","CUST-71","CAPTURED"
"txn_259635f","ORD-1072","pay_76dc81d3","6835","INR","2026-07-27T00:00:00.000Z","CUST-72","CAPTURED"
"txn_455b113b","ORD-1073","pay_67b7e5f4","4801","INR","2026-07-04T00:00:00.000Z","CUST-73","CAPTURED"
"txn_2395be2c","ORD-1074","pay_880520d","4180","INR","2026-08-01T00:00:00.000Z","CUST-74","CAPTURED"
"txn_5f1d3ee","ORD-1075","pay_1c49ab2e","1154","INR","2026-07-13T00:00:00.000Z","CUST-75","CAPTURED"
"txn_f708d3d","ORD-1076","pay_3f33bd0b","4702","INR","2026-07-23T00:00:00.000Z","CUST-76","CAPTURED"
"txn_7d32c9e8","ORD-1077","pay_5e727432","6887","INR","2026-07-21T00:00:00.000Z","CUST-77","CAPTURED"
"txn_51e49759","ORD-1078","pay_397ec9c3","1410","INR","2026-07-24T00:00:00.000Z","CUST-78","CAPTURED"
"txn_13c183a3","ORD-1079","pay_6f834635","6242","INR","2026-07-24T00:00:00.000Z","CUST-79","CAPTURED"
"txn_7ecc863a","ORD-1080","pay_6d8f6e11","3913","INR","2026-07-06T00:00:00.000Z","CUST-80","CAPTURED"
"txn_2a429b3f","ORD-1081","pay_281390e4","8072","INR","2026-07-17T00:00:00.000Z","CUST-81","CAPTURED"
"txn_62cc0f76","ORD-1082","pay_49a7bd93","6003","INR","2026-07-04T00:00:00.000Z","CUST-82","CAPTURED"
"txn_3a795d7f","ORD-1083","pay_75da1c9c","3851","INR","2026-07-07T00:00:00.000Z","CUST-83","CAPTURED"
"txn_250f25c8","ORD-1084","pay_626ed1f8","5443","INR","2026-07-10T00:00:00.000Z","CUST-84","CAPTURED"
"txn_3920ddd2","ORD-1085","pay_76571ee8","8422","INR","2026-07-23T00:00:00.000Z","CUST-85","CAPTURED"
"txn_29d9f74e","ORD-1086","pay_3e19283a","4301","INR","2026-07-06T00:00:00.000Z","CUST-86","CAPTURED"
"txn_3b55427c","ORD-1087","pay_37a6d157","9043","INR","2026-07-03T00:00:00.000Z","CUST-87","CAPTURED"
"txn_40ba81ea","ORD-1088","pay_24f271eb","1815","INR","2026-07-12T00:00:00.000Z","CUST-88","CAPTURED"
"txn_7a3e9ee2","ORD-1089","pay_113fab3a","9343","INR","2026-07-28T00:00:00.000Z","CUST-89","CAPTURED"
"txn_511a2ae5","ORD-1090","pay_7a18fa83","6943","INR","2026-07-14T00:00:00.000Z","CUST-90","CAPTURED"
"txn_feb7ba1","ORD-1091","pay_60ae61db","2596","INR","2026-07-06T00:00:00.000Z","CUST-91","CAPTURED"
"txn_6c110fbc","ORD-1092","pay_11bdf155","1584","INR","2026-07-27T00:00:00.000Z","CUST-92","CAPTURED"
"txn_301c1af5","ORD-1093","pay_62e6ba73","1746","INR","2026-07-20T00:00:00.000Z","CUST-93","CAPTURED"
"txn_5fcaabb4","ORD-1094","pay_6aee1265","9298","INR","2026-07-18T00:00:00.000Z","CUST-94","CAPTURED"
"txn_6456dc6c","ORD-1095","pay_14d5ff4b","4220","INR","2026-07-09T00:00:00.000Z","CUST-95","CAPTURED"
"txn_645d7503","ORD-1096","pay_5ec2c76a","9333","INR","2026-07-16T00:00:00.000Z","CUST-96","CAPTURED"
"txn_53cc332c","ORD-1097","pay_39834255","6324","INR","2026-07-17T00:00:00.000Z","CUST-97","CAPTURED"
"txn_3d6b07a1","ORD-1098","pay_d40548b","5658","INR","2026-07-30T00:00:00.000Z","CUST-98","CAPTURED"
"txn_116c4170","ORD-1099","pay_66d6c4c6","6386","INR","2026-07-03T00:00:00.000Z","CUST-99","CAPTURED"